{
    "accuracy": 1.0,
    "error_std": 3.9191816440727623e-17,
    "neutralization": -0.9999999999999999,
    "risk_reduction": 99.99999999999999,
    "status": "OPTIMAL",
    "ts": 1774551523.9721556
}